"Authors","Author full names","Author(s) ID","Title","Year","Source title","Volume","Issue","Art. No.","Page start","Page end","Page count","Cited by","DOI","Link","Document Type","Publication Stage","Open Access","Source","EID"
"O'Callaghan T.","O'Callaghan, Terry (16679732500)","16679732500","Reputation risk and globalisation: Exploring the idea of a self-regulating corporation","2016","Reputation Risk and Globalisation: Exploring the Idea of a Self-Regulating Corporation","","","","1","226","225","0","10.4337/9781786431745","https://www.scopus.com/inward/record.uri?eid=2-s2.0-85072745312&doi=10.4337%2f9781786431745&partnerID=40&md5=df01714c1edc1ce3f871db56856c54a3","Book","Final","All Open Access; Bronze Open Access","Scopus","2-s2.0-85072745312"
"Govindan K.","Govindan, Kannan (54986334000)","54986334000","How digitalization transforms the traditional circular economy to a smart circular economy for achieving SDGs and net zero","2023","Transportation Research Part E: Logistics and Transportation Review","177","","103147","","","","1","10.1016/j.tre.2023.103147","https://www.scopus.com/inward/record.uri?eid=2-s2.0-85163200169&doi=10.1016%2fj.tre.2023.103147&partnerID=40&md5=c2f3e37a31b6b0f449c743f9d1cbf18a","Article","Final","All Open Access; Hybrid Gold Open Access","Scopus","2-s2.0-85163200169"
"Findler F.","Findler, Florian (57195902487)","57195902487","Toward a sustainability assessment framework of research impacts: Contributions of a business school","2021","Sustainable Development","29","6","","1190","1203","13","5","10.1002/sd.2218","https://www.scopus.com/inward/record.uri?eid=2-s2.0-85107518354&doi=10.1002%2fsd.2218&partnerID=40&md5=c5ad4ab50bc0a71a395cec3b519ea1e8","Article","Final","All Open Access; Green Open Access; Hybrid Gold Open Access","Scopus","2-s2.0-85107518354"
"Sim L.-A.","Sim, Lee-Anne (57215822256)","57215822256","Influencing the social impact of financial systems: Alternative strategies","2020","International Affairs","96","2","","501","515","14","0","10.1093/ia/iiz256","https://www.scopus.com/inward/record.uri?eid=2-s2.0-85081958790&doi=10.1093%2fia%2fiiz256&partnerID=40&md5=b2c80aba52122700edb3706b18ac6fe3","Article","Final","","Scopus","2-s2.0-85081958790"
"Alam M.; Lin F.-R.","Alam, Mehtab (57213805389); Lin, Fu-Ren (14829178300)","57213805389; 14829178300","Internalizing Sustainability into Research Practices of Higher Education Institutions: Case of a Research University in Taiwan","2022","Sustainability (Switzerland)","14","15","9793","","","","2","10.3390/su14159793","https://www.scopus.com/inward/record.uri?eid=2-s2.0-85137024281&doi=10.3390%2fsu14159793&partnerID=40&md5=4f7a0826797daaf4948cdb3f26fdc4c4","Article","Final","All Open Access; Gold Open Access","Scopus","2-s2.0-85137024281"
"Thomassen A.O.; Jensen J.","Thomassen, Anja Overgaard (56998466900); Jensen, Julie (56893045100)","56998466900; 56893045100","Processual perspectives on the co-production turn in public sector organizations","2020","Processual Perspectives on the Co-Production Turn in Public Sector Organizations","","","","1","340","339","0","10.4018/978-1-7998-4975-9","https://www.scopus.com/inward/record.uri?eid=2-s2.0-85136370397&doi=10.4018%2f978-1-7998-4975-9&partnerID=40&md5=bc789862e7c46638d6159b892f11c7eb","Book","Final","","Scopus","2-s2.0-85136370397"
"Burgess R.","Burgess, Richard (36599936000)","36599936000","Nigerian pentecostalism and development: Spirit, power, and transformation","2020","Nigerian Pentecostalism and Development: Spirit, Power, and Transformation","","","","1","249","248","3","10.4324/9781315167299","https://www.scopus.com/inward/record.uri?eid=2-s2.0-85108758511&doi=10.4324%2f9781315167299&partnerID=40&md5=f9e9937383459b4ca3b0be4dd4ff4915","Book","Final","","Scopus","2-s2.0-85108758511"
"Von Jacobi N.","Von Jacobi, Nadia (56441553200)","56441553200","Institutions as Meso-factors of Development: A human development perspective","2018","Journal of Contextual Economics-Schmollers Jahrbuch","138","1","","53","88","35","2","10.3790/schm.138.1.53","https://www.scopus.com/inward/record.uri?eid=2-s2.0-85072243462&doi=10.3790%2fschm.138.1.53&partnerID=40&md5=f1bdc4b9ff42fd4e4fb965dce11f138d","Article","Final","","Scopus","2-s2.0-85072243462"
"Shah S.H.A.; Al-Ghazali B.M.; Bhatti S.; Aman N.; Fahlevi M.; Aljuaid M.; Hasan F.","Shah, Syed Haider Ali (57191737168); Al-Ghazali, Basheer M. (55250604400); Bhatti, Sabeen (57203870960); Aman, Nida (57759121900); Fahlevi, Mochammed (57211888309); Aljuaid, Mohammed (57164048100); Hasan, Fakhrul (57533601600)","57191737168; 55250604400; 57203870960; 57759121900; 57211888309; 57164048100; 57533601600","The Impact of Perceived CSR on Employees’ Pro-Environmental Behaviors: The Mediating Effects of Environmental Consciousness and Environmental Commitment","2023","Sustainability (Switzerland)","15","5","4350","","","","3","10.3390/su15054350","https://www.scopus.com/inward/record.uri?eid=2-s2.0-85149941221&doi=10.3390%2fsu15054350&partnerID=40&md5=549c4f1488c6a078f229c89430f51e43","Article","Final","All Open Access; Gold Open Access; Green Open Access","Scopus","2-s2.0-85149941221"
"Belay H.A.; Hailu F.K.; Sinshaw G.T.","Belay, Habtie Alemnew (58479679200); Hailu, Fentaye Kassa (58479679300); Sinshaw, Gedif Tessema (57224978867)","58479679200; 58479679300; 57224978867","Managerial values and corporate social responsibility practices: multilevel and multistakeholder analysis","2023","Social Responsibility Journal","","","","","","","0","10.1108/SRJ-01-2023-0012","https://www.scopus.com/inward/record.uri?eid=2-s2.0-85164369263&doi=10.1108%2fSRJ-01-2023-0012&partnerID=40&md5=f43ed04fdc6f45c1833dce9d5b4562a2","Article","Article in press","","Scopus","2-s2.0-85164369263"
"Gliedt T.; Larson K.","Gliedt, Travis (17434108600); Larson, Kelli (7102155246)","17434108600; 7102155246","Sustainability in Transition: Principles for Developing Solutions","2018","Sustainability in Transition: Principles for Developing Solutions","","","","1","308","307","5","10.4324/9781315537139","https://www.scopus.com/inward/record.uri?eid=2-s2.0-85073644431&doi=10.4324%2f9781315537139&partnerID=40&md5=29cafdee914828bff62f19bfe66fae09","Book","Final","","Scopus","2-s2.0-85073644431"
"Arteaga-Fonseca J.; Zhang Y.E.; Bylund P.","Arteaga-Fonseca, Jorge (57915907600); Zhang, Yi (Elaine) (58513685600); Bylund, Per (35799718600)","57915907600; 58513685600; 35799718600","The entrepreneurial cognitive adjustment mechanism: transitional entrepreneurship as a solution to mitigate illegal migration","2023","New England Journal of Entrepreneurship","","","","","","","0","10.1108/NEJE-08-2022-0059","https://www.scopus.com/inward/record.uri?eid=2-s2.0-85166173539&doi=10.1108%2fNEJE-08-2022-0059&partnerID=40&md5=5c91fb30c7efd60f9f9f90d754b92f71","Article","Article in press","All Open Access; Gold Open Access","Scopus","2-s2.0-85166173539"
"Mader P.; Sabrow S.","Mader, Philip (55746883500); Sabrow, Sophia (57191854546)","55746883500; 57191854546","All Myth and Ceremony? Examining the Causes and Logic of the Mission Shift in Microfinance from Microenterprise Credit to Financial Inclusion","2019","Forum for Social Economics","48","1","","22","48","26","27","10.1080/07360932.2015.1056204","https://www.scopus.com/inward/record.uri?eid=2-s2.0-85063754089&doi=10.1080%2f07360932.2015.1056204&partnerID=40&md5=76fedb4f8d50e9815123b75fb41191d4","Article","Final","","Scopus","2-s2.0-85063754089"
"Friedrich C.; Feser D.","Friedrich, Christoph (58490276700); Feser, Daniel (57190275508)","58490276700; 57190275508","Combining knowledge bases for small wins in peripheral regions. An analysis of the role of innovation intermediaries in sustainability transitions","2023","Review of Regional Research","","","","","","","0","10.1007/s10037-023-00192-7","https://www.scopus.com/inward/record.uri?eid=2-s2.0-85164965140&doi=10.1007%2fs10037-023-00192-7&partnerID=40&md5=c01af3086ff53497d1b5395a087c5980","Article","Article in press","All Open Access; Hybrid Gold Open Access","Scopus","2-s2.0-85164965140"
"Anheier H.K.; Toepler S.","Anheier, Helmut K. (6701645585); Toepler, Stefan (6508392918)","6701645585; 6508392918","Nonprofit Organizations: Theory, Management, Policy: Third Edition","2022","Nonprofit Organizations: Theory, Management, Policy: Third Edition","","","","1","605","604","1","10.4324/9780429299681","https://www.scopus.com/inward/record.uri?eid=2-s2.0-85151883010&doi=10.4324%2f9780429299681&partnerID=40&md5=c16957bd17ab9c4afafb9556e743b945","Book","Final","","Scopus","2-s2.0-85151883010"
"Cembranel P.; Teixeira Dias F.; Silva C.G.D.; Finatto C.P.; Guerra J.B.S.O.D.A.","Cembranel, Priscila (58075832300); Teixeira Dias, Felipe (58494179900); Silva, Camilla Gomes da (58493427300); Finatto, Carla Patricia (57223274172); Guerra, José Baltazar Salgueirinho Osório de Andrade (57894329600)","58075832300; 58494179900; 58493427300; 57223274172; 57894329600","Sustainable universities: The LGBTQIAP+ inclusive model","2023","Evaluation and Program Planning","100","","102351","","","","0","10.1016/j.evalprogplan.2023.102351","https://www.scopus.com/inward/record.uri?eid=2-s2.0-85165161106&doi=10.1016%2fj.evalprogplan.2023.102351&partnerID=40&md5=80668a9bfb3e3e6fd90279a4cbc795d6","Article","Final","","Scopus","2-s2.0-85165161106"
"Handke S.","Handke, Stefan (58503324200)","58503324200","Accreditation agencies in the European Higher Education Area: Nonprofit business models, competition and survival","2023","Accreditation Agencies in the European Higher Education Area: Nonprofit Business Models, Competition and Survival","","","","1","162","161","0","10.4337/9781800881259","https://www.scopus.com/inward/record.uri?eid=2-s2.0-85165558083&doi=10.4337%2f9781800881259&partnerID=40&md5=d9f2f5d10d21b442252ad85643b33fa2","Book","Final","","Scopus","2-s2.0-85165558083"
"Shakiba H.; Pazhouhan A.; Amiri S.; Sakhdari K.","Shakiba, Hodjat (57219930346); Pazhouhan, Ayoub (58093195800); Amiri, Saba (58092876400); Sakhdari, Kamal (57189033253)","57219930346; 58093195800; 58092876400; 57189033253","Inclusive urban entrepreneurial ecosystem: An exploration of factors affecting organizational ambidexterity","2023","Annals of Public and Cooperative Economics","","","","","","","0","10.1111/apce.12415","https://www.scopus.com/inward/record.uri?eid=2-s2.0-85147507595&doi=10.1111%2fapce.12415&partnerID=40&md5=8ffa0c65d7101e3943e3139ea496c976","Article","Article in press","","Scopus","2-s2.0-85147507595"
"Ocampo L.; Aro J.L.; Evangelista S.S.; Maturan F.; Yamagishi K.; Mamhot D.; Mamhot D.F.; Calibo-Senit D.I.; Tibay E.; Pepito J.; Quiñones R.","Ocampo, Lanndon (55536512100); Aro, Joerabell Lourdes (57302926300); Evangelista, Samantha Shane (57302130300); Maturan, Fatima (57302130400); Yamagishi, Kafferine (57217232339); Mamhot, Dave (57904548900); Mamhot, Dina Fe (57904743000); Calibo-Senit, Dawn Iris (57904549000); Tibay, Edgar (57701816500); Pepito, Joseph (57903931200); Quiñones, Renissa (57213602410)","55536512100; 57302926300; 57302130300; 57302130400; 57217232339; 57904548900; 57904743000; 57904549000; 57701816500; 57903931200; 57213602410","Research Productivity for Augmenting the Innovation Potential of Higher Education Institutions: An Interpretive Structural Modeling Approach and MICMAC Analysis","2022","Journal of Open Innovation: Technology, Market, and Complexity","8","3","148","","","","2","10.3390/joitmc8030148","https://www.scopus.com/inward/record.uri?eid=2-s2.0-85138722279&doi=10.3390%2fjoitmc8030148&partnerID=40&md5=82d785d2803d4ce40f2f3e40bf2641b3","Article","Final","All Open Access; Gold Open Access","Scopus","2-s2.0-85138722279"
"Chen C.; Cheng S.","Chen, Can (56299741700); Cheng, Shaoming (16068044600)","56299741700; 16068044600","The Effects of Corruption and Regulation on Business Entrepreneurship: Evidence from American States","2019","Public Performance and Management Review","42","6","","1481","1506","25","6","10.1080/15309576.2019.1574593","https://www.scopus.com/inward/record.uri?eid=2-s2.0-85075027580&doi=10.1080%2f15309576.2019.1574593&partnerID=40&md5=27dcde10ea9ccff4200c7364c303321e","Article","Final","","Scopus","2-s2.0-85075027580"
"Nave E.; Ferreira J.J.","Nave, Edgar (57204393941); Ferreira, João J. (25959981800)","57204393941; 25959981800","A systematic international entrepreneurship review and future research agenda","2022","Cross Cultural and Strategic Management","29","3","","639","674","35","3","10.1108/CCSM-11-2021-0204","https://www.scopus.com/inward/record.uri?eid=2-s2.0-85129163273&doi=10.1108%2fCCSM-11-2021-0204&partnerID=40&md5=379763aeb35d6253cd5e663d94a6b9f9","Article","Final","","Scopus","2-s2.0-85129163273"
"Clevenger M.R.; MacGregor C.J.; Sturm P.","Clevenger, Morgan R. (57195199033); MacGregor, Cynthia J. (36704814500); Sturm, Paul (57488958400)","57195199033; 36704814500; 57488958400","Partnership motives and ethics in corporate investment in higher education","2021","Partnership Motives and Ethics in Corporate Investment in Higher Education","","","","1","471","470","1","10.4018/978-1-7998-4519-5","https://www.scopus.com/inward/record.uri?eid=2-s2.0-85126390173&doi=10.4018%2f978-1-7998-4519-5&partnerID=40&md5=329bd39015d6a712a286f7f28a750dfb","Book","Final","","Scopus","2-s2.0-85126390173"
"Aranguren M.J.; Canto-Farachala P.; Wilson J.R.","Aranguren, Mariá José (35387544100); Canto-Farachala, Patricia (57215669170); Wilson, James R. (55824343300)","35387544100; 57215669170; 55824343300","Transformative academic institutions: An experimental framework for understanding regional impacts of research","2021","Research Evaluation","30","2","","191","200","9","4","10.1093/reseval/rvaa030","https://www.scopus.com/inward/record.uri?eid=2-s2.0-85118934054&doi=10.1093%2freseval%2frvaa030&partnerID=40&md5=617c4c44095c7156ed533ed99a99eb68","Article","Final","","Scopus","2-s2.0-85118934054"
"Abhari K.; Pesavento M.; Williams D.","Abhari, Kaveh (56960354500); Pesavento, Michael (57219474122); Williams, David (57223622420)","56960354500; 57219474122; 57223622420","Supporting participatory innovation during the COVID-19 pandemic: a comparative study of enterprise social media use","2023","Information Technology and People","36","5","","2030","2062","32","0","10.1108/ITP-01-2021-0041","https://www.scopus.com/inward/record.uri?eid=2-s2.0-85130899902&doi=10.1108%2fITP-01-2021-0041&partnerID=40&md5=509592458c13c1490d90b472a059a4d3","Article","Final","","Scopus","2-s2.0-85130899902"
"Kekez A.; Howlett M.; Ramesh M.","Kekez, Anka (57193512605); Howlett, Michael (7004315057); Ramesh, M. (7006248680)","57193512605; 7004315057; 7006248680","Collaboration in Public Service Delivery: Promise and Pitfalls","2019","Collaboration in Public Service Delivery: Promise and Pitfalls","","","","1","348","347","12","10.4337/9781788978583","https://www.scopus.com/inward/record.uri?eid=2-s2.0-85136067925&doi=10.4337%2f9781788978583&partnerID=40&md5=d122bed73a86918172f73c0160de070e","Book","Final","All Open Access; Hybrid Gold Open Access","Scopus","2-s2.0-85136067925"
"Raišienė A.G.; Bilan S.; Smalskys V.; Gečienė J.","Raišienė, Agota Giedrė (55115854900); Bilan, Svitlana (57211968274); Smalskys, Vainius (55325349700); Gečienė, Jolita (57211966220)","55115854900; 57211968274; 55325349700; 57211966220","Emerging changes in attitudes to inter-institutional collaboration: The case of organizations providing social services in communities","2019","Administratie si Management Public","2019","33","","34","56","22","18","10.24818/amp/2019.33-03","https://www.scopus.com/inward/record.uri?eid=2-s2.0-85075535579&doi=10.24818%2famp%2f2019.33-03&partnerID=40&md5=9fc1593b57a5ed71141e2ab4ce7eaef8","Article","Final","All Open Access; Bronze Open Access","Scopus","2-s2.0-85075535579"
"He L.; Ismail K.","He, Liying (57204514384); Ismail, Kamisah (54401333300)","57204514384; 54401333300","Do staff capacity and performance-based budgeting improve organisational performance? Empirical evidence from Chinese public universities","2023","Humanities and Social Sciences Communications","10","1","29","","","","2","10.1057/s41599-023-01523-2","https://www.scopus.com/inward/record.uri?eid=2-s2.0-85146669608&doi=10.1057%2fs41599-023-01523-2&partnerID=40&md5=1806640d19c90cb653f7cef0b22b6427","Article","Final","All Open Access; Gold Open Access; Green Open Access","Scopus","2-s2.0-85146669608"
"Opuni F.F.; Snowden M.; Winful E.C.; Hyams-Ssekasi D.; Halsall J.P.; Quaye J.N.A.; Afriyie E.O.; Ocloo E.C.; Opoku-Asante K.","Opuni, Frank Frimpong (57204883225); Snowden, Michael (36865910600); Winful, Ernest Christian (57225995744); Hyams-Ssekasi, Denis (56593195600); Halsall, Jamie P. (36144067700); Quaye, Josiah Nii Adu (57929388400); Afriyie, Emelia Ohene (57929200000); Ocloo, Elikem Chosniel (57577687500); Opoku-Asante, Kofi (57930329200)","57204883225; 36865910600; 57225995744; 56593195600; 36144067700; 57929388400; 57929200000; 57577687500; 57930329200","The Nexus between Entrepreneurial Education and Entrepreneurial Self-Competencies: A Social Enterprise Perspective","2022","Sustainability (Switzerland)","14","19","12725","","","","1","10.3390/su141912725","https://www.scopus.com/inward/record.uri?eid=2-s2.0-85139936173&doi=10.3390%2fsu141912725&partnerID=40&md5=5334fb1a5a8e95031f867a84505b0c12","Article","Final","All Open Access; Gold Open Access","Scopus","2-s2.0-85139936173"
"Loeffler E.","Loeffler, Elke (18634470800)","18634470800","Co-Production of Public Services and Outcomes","2020","Co-Production of Public Services and Outcomes","","","","1","444","443","10","10.1007/978-3-030-55509-2","https://www.scopus.com/inward/record.uri?eid=2-s2.0-85150046435&doi=10.1007%2f978-3-030-55509-2&partnerID=40&md5=aa455226928bd97e94de66cebf64351c","Book","Final","All Open Access; Green Open Access","Scopus","2-s2.0-85150046435"
"Chang Y.-C.; Chen P.-H.; Teng M.-J.","Chang, Yuan-Chieh (12244396600); Chen, Po-Hsuan (57211999726); Teng, Min-Jun (57208305813)","12244396600; 57211999726; 57208305813","How do institutional changes facilitate university-centric networks in Taiwan? The Triple Helix model of innovation view","2021","Science and Public Policy","48","3","","309","324","15","8","10.1093/scipol/scaa076","https://www.scopus.com/inward/record.uri?eid=2-s2.0-85112030553&doi=10.1093%2fscipol%2fscaa076&partnerID=40&md5=e34c1f8e3fa2c5ea024c04625f6aa4b4","Article","Final","","Scopus","2-s2.0-85112030553"
"Loureiro S.M.C.; Guerreiro J.","Loureiro, Sandra Maria Correia (27467492100); Guerreiro, João (57201342913)","27467492100; 57201342913","Handbook of research on developing a post-pandemic paradigm for virtual technologies in higher education","2021","Handbook of Research on Developing a Post-Pandemic Paradigm for Virtual Technologies in Higher Education","","","","1","432","431","0","10.4018/978-1-7998-6963-4","https://www.scopus.com/inward/record.uri?eid=2-s2.0-85128090744&doi=10.4018%2f978-1-7998-6963-4&partnerID=40&md5=b2145bdbaa313761f166e5d60d37d045","Book","Final","","Scopus","2-s2.0-85128090744"
"Barrera-Verdugo G.","Barrera-Verdugo, Gustavo (57194101578)","57194101578","Impact of self-perceptions, social norms, and social capital on nascent entrepreneurs: a comparative analysis by level of economic development in Latin American countries","2021","Journal of Innovation and Entrepreneurship","10","1","41","","","","2","10.1186/s13731-021-00186-0","https://www.scopus.com/inward/record.uri?eid=2-s2.0-85118290357&doi=10.1186%2fs13731-021-00186-0&partnerID=40&md5=22c5e81d2c830705499bb5bac896798c","Article","Final","All Open Access; Gold Open Access; Green Open Access","Scopus","2-s2.0-85118290357"
"Bertin G.; Ellison M.; Moro G.","Bertin, Giovanni (56819916500); Ellison, Marion (56039340400); Moro, Giuseppe (7102034198)","56819916500; 56039340400; 7102034198","The European Social Model and an Economy of Well-being: Repairing the Social Fabric of European Societies","2021","The European Social Model and an Economy of Well-being: Repairing the Social Fabric of European Societies","","","","1","250","249","2","10.4337/9781800378070","https://www.scopus.com/inward/record.uri?eid=2-s2.0-85104891998&doi=10.4337%2f9781800378070&partnerID=40&md5=a1d3f604bc0dae9e9724b026a87da41c","Book","Final","","Scopus","2-s2.0-85104891998"
"Dressler M.","Dressler, Marc (55574498900)","55574498900","Sustainable Business Model Design: A Multi-Case Approach Exploring Generic Strategies and Dynamic Capabilities on the Example of German Wine Estates","2023","Sustainability (Switzerland)","15","5","3880","","","","1","10.3390/su15053880","https://www.scopus.com/inward/record.uri?eid=2-s2.0-85149935051&doi=10.3390%2fsu15053880&partnerID=40&md5=1044c6ada29478292afa0c04bc457939","Article","Final","All Open Access; Gold Open Access","Scopus","2-s2.0-85149935051"
"McAdam M.","McAdam, Maura (17344024600)","17344024600","WOMEN’S ENTREPRENEURSHIP, Second Edition","2022","Women's Entrepreneurship","","","","1","172","171","0","10.4324/9781003127710","https://www.scopus.com/inward/record.uri?eid=2-s2.0-85148798240&doi=10.4324%2f9781003127710&partnerID=40&md5=cf50177721c1462874d0a50b13e6f63c","Book","Final","","Scopus","2-s2.0-85148798240"
"Almuqrin A.; Mutambik I.; Alomran A.; Zhang J.Z.","Almuqrin, Abdullah (57212145900); Mutambik, Ibrahim (57204771601); Alomran, Abdulaziz (57221081085); Zhang, Justin Zuopeng (58262864500)","57212145900; 57204771601; 57221081085; 58262864500","Information System Success for Organizational Sustainability: Exploring the Public Institutions in Saudi Arabia","2023","Sustainability (Switzerland)","15","12","9233","","","","1","10.3390/su15129233","https://www.scopus.com/inward/record.uri?eid=2-s2.0-85164200044&doi=10.3390%2fsu15129233&partnerID=40&md5=f2562bf6a5f54a01804e8042860524ee","Article","Final","All Open Access; Gold Open Access; Green Open Access","Scopus","2-s2.0-85164200044"
"Savastano M.; Samo A.H.; Channa N.A.; Amendola C.","Savastano, Marco (57189375303); Samo, Altaf Hussain (57280266000); Channa, Nisar Ahmed (57211319819); Amendola, Carlo (55817790700)","57189375303; 57280266000; 57211319819; 55817790700","Toward a Conceptual Framework to Foster Green Entrepreneurship Growth in the Agriculture Industry","2022","Sustainability (Switzerland)","14","7","4089","","","","1","10.3390/su14074089","https://www.scopus.com/inward/record.uri?eid=2-s2.0-85127948066&doi=10.3390%2fsu14074089&partnerID=40&md5=7d51a88b4b26c00e2df95bd4e9bd2f7f","Article","Final","All Open Access; Gold Open Access","Scopus","2-s2.0-85127948066"
"Cinar R.","Cinar, Ridvan (57208937313)","57208937313","Structuration of natural resource-based innovations in universities: How do they get institutionalized?","2020","Sustainability (Switzerland)","12","5","1834","1","19","18","1","10.3390/su12051834","https://www.scopus.com/inward/record.uri?eid=2-s2.0-85095589726&doi=10.3390%2fsu12051834&partnerID=40&md5=200c1b34a8b6c5c391da5d0ef9e9ccb0","Article","Final","All Open Access; Gold Open Access; Green Open Access","Scopus","2-s2.0-85095589726"
"Newman A.; Macaulay L.; Dunwoodie K.","Newman, Alexander (38862449600); Macaulay, Luke (57215027667); Dunwoodie, Karen (57205206607)","38862449600; 57215027667; 57205206607","Refugee Entrepreneurship: A Systematic Review of Prior Research and Agenda for Future Research","2023","International Migration Review","","","","","","","0","10.1177/01979183231182669","https://www.scopus.com/inward/record.uri?eid=2-s2.0-85162661122&doi=10.1177%2f01979183231182669&partnerID=40&md5=e9805dce6c04462328b46487bdf35321","Article","Article in press","All Open Access; Hybrid Gold Open Access","Scopus","2-s2.0-85162661122"
"Zarakol A.","Zarakol, Ayşe (35766969000)","35766969000","Hierarchies in World Politics","2017","Hierarchies in World Politics","","","","1","332","331","67","10.1017/9781108241588","https://www.scopus.com/inward/record.uri?eid=2-s2.0-85047385010&doi=10.1017%2f9781108241588&partnerID=40&md5=ba2529abdf255d40b7291dbcdc98ed63","Book","Final","All Open Access; Green Open Access","Scopus","2-s2.0-85047385010"
"Waris I.; Barkat W.; Ahmed A.; Hameed I.","Waris, Idrees (57208260456); Barkat, Waseem (57202055152); Ahmed, Adeel (56784904400); Hameed, Irfan (54966064700)","57208260456; 57202055152; 56784904400; 54966064700","Fostering sustainable businesses: understanding sustainability-driven entrepreneurial intention among university students in Pakistan","2022","Social Responsibility Journal","18","8","","1409","1426","17","5","10.1108/SRJ-10-2020-0399","https://www.scopus.com/inward/record.uri?eid=2-s2.0-85113726954&doi=10.1108%2fSRJ-10-2020-0399&partnerID=40&md5=650e1083fda59f1d6445918d3990dc2e","Article","Final","","Scopus","2-s2.0-85113726954"
"Han X.; Niosi J.","Han, Xue (57139158700); Niosi, Jorge (6602999188)","57139158700; 6602999188","The revolution in energy technology: Innovation and the economics of the solar photovoltaic industry","2018","The Revolution in Energy Technology: Innovation and the Economics of the Solar Photovoltaic Industry","","","","1","148","147","2","10.4337/9781788115667","https://www.scopus.com/inward/record.uri?eid=2-s2.0-85072687773&doi=10.4337%2f9781788115667&partnerID=40&md5=41077ec452ba93db56d34bc8fcecffb4","Book","Final","","Scopus","2-s2.0-85072687773"
"Godemann J.; Nguyen B.-N.; Herzig C.","Godemann, Jasmin (55886145400); Nguyen, Bich-Ngoc (58283519600); Herzig, Christian (35565474300)","55886145400; 58283519600; 35565474300","Business schools’ transformation towards sustainability: empirical insights from UN PRME signatories","2023","International Journal of Sustainability in Higher Education","","","","","","","0","10.1108/IJSHE-07-2022-0223","https://www.scopus.com/inward/record.uri?eid=2-s2.0-85159874097&doi=10.1108%2fIJSHE-07-2022-0223&partnerID=40&md5=bbb844e2de6b5194cf1341e19cf8aa45","Article","Article in press","","Scopus","2-s2.0-85159874097"
"Pitt R.N.; Satcher L.A.; Drew A.M.","Pitt, Richard N. (25958288300); Satcher, Lacee A. (57203162700); Drew, Amber Musette (57212762187)","25958288300; 57203162700; 57212762187","Optimism, Innovativeness, and Competitiveness: The Relationship between Entrepreneurial Orientations and the Development of Science Identity in Scientists","2020","Social Currents","7","2","","155","172","17","7","10.1177/2329496519895297","https://www.scopus.com/inward/record.uri?eid=2-s2.0-85077372972&doi=10.1177%2f2329496519895297&partnerID=40&md5=5793d2cee4cceeeb60ed0e1d6fb23366","Article","Final","All Open Access; Bronze Open Access","Scopus","2-s2.0-85077372972"
"Zoogah D.B.","Zoogah, David B. (26655123400)","26655123400","A circumstantiated model of change in Africa","2018","Routledge Handbook of Organizational Change in Africa","","","","102","121","19","0","10.4324/9781315630113","https://www.scopus.com/inward/record.uri?eid=2-s2.0-85059202126&doi=10.4324%2f9781315630113&partnerID=40&md5=aa4ff6a14bc5d119822f4241eb7a9103","Book chapter","Final","","Scopus","2-s2.0-85059202126"
"Schneider N.; Blaese R.; Liebig B.","Schneider, Noemi (57224976134); Blaese, Richard (57224323176); Liebig, Brigitte (57207684042)","57224976134; 57224323176; 57207684042","Conditions for spin-off creation at Swiss universities of applied sciences – a gender sensitive approach","2021","International Journal of Gender and Entrepreneurship","13","4","","373","393","20","1","10.1108/IJGE-07-2020-0099","https://www.scopus.com/inward/record.uri?eid=2-s2.0-85108784914&doi=10.1108%2fIJGE-07-2020-0099&partnerID=40&md5=731c6054426f014d0485b2c766206300","Article","Final","All Open Access; Green Open Access","Scopus","2-s2.0-85108784914"
"Vega-Gomez F.-I.; Miranda F.J.; Mera A.C.; Mayo J.P.","Vega-Gomez, Francisco-Isidoro (57204686902); Miranda, F. Javier (23005414300); Mera, Antonio Chamorro (23003342500); Mayo, Jesús Pérez (8501764900)","57204686902; 23005414300; 23003342500; 8501764900","The spin-off as an instrument of sustainable development: Incentives for creating an academic USO","2018","Sustainability (Switzerland)","10","11","4266","","","","10","10.3390/su10114266","https://www.scopus.com/inward/record.uri?eid=2-s2.0-85056694834&doi=10.3390%2fsu10114266&partnerID=40&md5=89d3ae1da5215ccbe8dc7bc7294b0bf3","Article","Final","All Open Access; Gold Open Access; Green Open Access","Scopus","2-s2.0-85056694834"
"Bohn H.J., Jr.; Roelfs D.J.","Bohn, H. Joseph (57218698725); Roelfs, David J. (8709117600)","57218698725; 8709117600","How Hybrid Institutional Logics Matter: The Importance of Trust and Embeddedness in Neighborhood Revitalization Collaborations","2020","Journal of Applied Social Science","14","2","","145","161","16","3","10.1177/1936724420947012","https://www.scopus.com/inward/record.uri?eid=2-s2.0-85090085204&doi=10.1177%2f1936724420947012&partnerID=40&md5=4730a25c89981593c51859a8e4746998","Article","Final","","Scopus","2-s2.0-85090085204"
"AguIgwe P.; Ochinanwata C.","AguIgwe, Paul (57230368500); Ochinanwata, Chinedu (57216937016)","57230368500; 57216937016","How to start African Informal entrepreneurial revolution?","2021","Journal of African Business","22","4","","514","531","17","5","10.1080/15228916.2021.1954447","https://www.scopus.com/inward/record.uri?eid=2-s2.0-85113377573&doi=10.1080%2f15228916.2021.1954447&partnerID=40&md5=262c473444231a3bf5861fd722f29b2f","Article","Final","All Open Access; Green Open Access; Hybrid Gold Open Access","Scopus","2-s2.0-85113377573"
"Liu H.; Kulturel-Konak S.; Konak A.","Liu, Haibin (57222099713); Kulturel-Konak, Sadan (6506835561); Konak, Abdullah (6601933729)","57222099713; 6506835561; 6601933729","Key elements and their roles in entrepreneurship education ecosystem: Comparative review and suggestions for sustainability","2021","Sustainability (Switzerland)","13","19","10648","","","","5","10.3390/su131910648","https://www.scopus.com/inward/record.uri?eid=2-s2.0-85115801713&doi=10.3390%2fsu131910648&partnerID=40&md5=45b9e7444870ae355981f7a4f3aaed46","Article","Final","All Open Access; Gold Open Access","Scopus","2-s2.0-85115801713"
"Singh K.; Misra M.","Singh, Kuldeep (57688287300); Misra, Madhvendra (55175088700)","57688287300; 55175088700","Developing an agricultural entrepreneur inclination model for sustainable agriculture by integrating expert mining and ISM–MICMAC","2021","Environment, Development and Sustainability","23","4","","5122","5150","28","11","10.1007/s10668-020-00806-x","https://www.scopus.com/inward/record.uri?eid=2-s2.0-85086666410&doi=10.1007%2fs10668-020-00806-x&partnerID=40&md5=a3c9d6bb1d32163fa36a0d76562ae9fa","Article","Final","","Scopus","2-s2.0-85086666410"
"Abebe G.K.; Gebremariam T.A.","Abebe, Gumataw Kifle (55613336600); Gebremariam, Teferra Amare (57449238500)","55613336600; 57449238500","Challenges for entrepreneurship development in rural economies: the case of micro and small-scale enterprises in Ethiopia","2021","Small Enterprise Research","28","1","","36","56","20","5","10.1080/13215906.2021.1878385","https://www.scopus.com/inward/record.uri?eid=2-s2.0-85113264183&doi=10.1080%2f13215906.2021.1878385&partnerID=40&md5=f2f8e295301ebeffd66c744f40148f79","Article","Final","","Scopus","2-s2.0-85113264183"
"M. Mars M.; Hart J.","M. Mars, Matthew (16245492800); Hart, Jeni (12752964700)","16245492800; 12752964700","Entrepreneurial sensemaking and transdisciplinary graduate entrepreneurship education","2022","Studies in Graduate and Postdoctoral Education","13","3","","297","314","17","1","10.1108/SGPE-09-2021-0068","https://www.scopus.com/inward/record.uri?eid=2-s2.0-85133924144&doi=10.1108%2fSGPE-09-2021-0068&partnerID=40&md5=5080e47a4e5321a3cef4f7b605bf606c","Article","Final","","Scopus","2-s2.0-85133924144"
"Chavali K.; Mavuri S.; Durrah O.","Chavali, Kavita (45160965000); Mavuri, Sudha (57216393992); Durrah, Omar (57188805511)","45160965000; 57216393992; 57188805511","Factors Affecting Social Entrepreneurial Intent: Significance of Student Engagement Initiatives in Higher Education Institutions","2022","World Journal of Entrepreneurship, Management and Sustainable Development","18","2","","233","251","18","6","10.47556/J.WJEMSD.18.2.2022.4","https://www.scopus.com/inward/record.uri?eid=2-s2.0-85112490430&doi=10.47556%2fJ.WJEMSD.18.2.2022.4&partnerID=40&md5=346f80cfa1c3164d5c101bc3ceb5f9cb","Article","Final","","Scopus","2-s2.0-85112490430"
"Bandyopadhyay S.; Bhattacharyya S.; Basak J.","Bandyopadhyay, Somprakash (7402057814); Bhattacharyya, Sneha (57205638244); Basak, Jayanta (7004410778)","7402057814; 57205638244; 7004410778","Social knowledge management for rural empowerment: Bridging the knowledge divide using social technologies","2020","Social Knowledge Management for Rural Empowerment: Bridging the Knowledge Divide Using Social Technologies","","","","1","340","339","2","10.4324/9780429320170","https://www.scopus.com/inward/record.uri?eid=2-s2.0-85091546464&doi=10.4324%2f9780429320170&partnerID=40&md5=0772add56955006499214a5394bd1ef1","Book","Final","","Scopus","2-s2.0-85091546464"
"Steinbach M.; Süß S.","Steinbach, Malte (57203764007); Süß, Stefan (22235264000)","57203764007; 22235264000","Administrators' identities and strategies in the e-participation innovation process: A qualitative analysis of institutional logics and institutional work in German municipalities","2018","Information Polity","23","3","","281","305","24","6","10.3233/IP-170037","https://www.scopus.com/inward/record.uri?eid=2-s2.0-85052866063&doi=10.3233%2fIP-170037&partnerID=40&md5=bea6c11aa60dcdb2edbd0c7fe828599a","Article","Final","","Scopus","2-s2.0-85052866063"
"Demir F.","Demir, Fatih (57212836057)","57212836057","Public policy making in Turkey: Foundational concepts, current practice, and impact of the new presidential system","2021","Public Policy Making in Turkey: Foundational Concepts, Current Practice, and Impact of the New Presidential System","","","","1","192","191","0","10.1007/978-3-030-68715-1","https://www.scopus.com/inward/record.uri?eid=2-s2.0-85151105912&doi=10.1007%2f978-3-030-68715-1&partnerID=40&md5=c14bc565aee9d493b5912636be31af83","Book","Final","All Open Access; Green Open Access","Scopus","2-s2.0-85151105912"
"Gerdin G.; Smith W.; Philpot R.; Schenker K.; Moen K.M.; Linnér S.; Westlie K.; Larsson L.","Gerdin, Göran (56541393900); Smith, Wayne (44462065300); Philpot, Rod (56667142700); Schenker, Katarina (6603824032); Moen, Kjersti Mordal (56119624400); Linnér, Susanne (57192837768); Westlie, Knut (57202871380); Larsson, Lena (57200392771)","56541393900; 44462065300; 56667142700; 6603824032; 56119624400; 57192837768; 57202871380; 57200392771","Social justice pedagogies in health and physical education","2021","Social Justice Pedagogies in Health and Physical Education","","","","1","216","215","0","10.4324/9781003003953","https://www.scopus.com/inward/record.uri?eid=2-s2.0-85117815458&doi=10.4324%2f9781003003953&partnerID=40&md5=c542c42b70a88d84ef698af1190b7180","Book","Final","","Scopus","2-s2.0-85117815458"
"Alvarenga M.; Aguiar Dutra A.R.; Fernandez F.; Thomé R.L.; Junges I.; Nunes N.; Guerra J.B.S.O.A.","Alvarenga, Mariana (57994315500); Aguiar Dutra, Ana Regina (57350444100); Fernandez, Felipe (56941346100); Thomé, Ricardo Lemos (57995097000); Junges, Ivone (57003383400); Nunes, Nei (57189243432); Guerra, José Baltazar Salgueirinho Osório de Andrade (57894329600)","57994315500; 57350444100; 56941346100; 57995097000; 57003383400; 57189243432; 57894329600","Proposal for a model integrating sustainability and social innovation in higher education institutions","2022","International Journal of Sustainability in Higher Education","","","","","","","0","10.1108/IJSHE-07-2021-0301","https://www.scopus.com/inward/record.uri?eid=2-s2.0-85143404909&doi=10.1108%2fIJSHE-07-2021-0301&partnerID=40&md5=63e6ff2d5a10340343c75963a323e0ec","Article","Article in press","","Scopus","2-s2.0-85143404909"
"Mutalib M.A.; Rafiki A.","Mutalib, Mahazan Abdul (57328618600); Rafiki, Ahmad (56029982300)","57328618600; 56029982300","The role of Islamic spirituality in the management and leadership process","2021","The Role of Islamic Spirituality in the Management and Leadership Process","","","","1","254","253","0","10.4018/978-1-7998-6892-7","https://www.scopus.com/inward/record.uri?eid=2-s2.0-85128040376&doi=10.4018%2f978-1-7998-6892-7&partnerID=40&md5=2cbcfdf61f44371988beb39aa9de589d","Book","Final","","Scopus","2-s2.0-85128040376"
"Donati L.; Wigren-Kristoferson C.","Donati, Letizia (57220834701); Wigren-Kristoferson, Caroline (58090605600)","57220834701; 58090605600","A legitimacy approach to social innovation initiatives at universities","2023","Science and Public Policy","50","2","","194","205","11","0","10.1093/scipol/scac066","https://www.scopus.com/inward/record.uri?eid=2-s2.0-85160215571&doi=10.1093%2fscipol%2fscac066&partnerID=40&md5=38b8bedb4a17354d36c6e73329b014e5","Article","Final","","Scopus","2-s2.0-85160215571"
"Harrison R.T.; Leitch C.M.; McAdam M.","Harrison, Richard T. (57200948121); Leitch, Claire M. (7006430350); McAdam, Maura (17344024600)","57200948121; 7006430350; 17344024600","Woman's entrepreneurship as a gendered niche: The implications for regional development policy","2020","Journal of Economic Geography","20","4","","1041","1067","26","22","10.1093/JEG/LBZ035","https://www.scopus.com/inward/record.uri?eid=2-s2.0-85083803388&doi=10.1093%2fJEG%2fLBZ035&partnerID=40&md5=5986f8ea7627cc5932ce304460bf96ce","Article","Final","All Open Access; Green Open Access","Scopus","2-s2.0-85083803388"
"Filho W.L.; Emblen-Perry K.; Molthan-Hill P.; Mifsud M.; Verhoef L.; Azeiteiro U.M.; Bacelar-Nicolau P.; de Sousa L.O.; Castro P.; Beynaghi A.; Boddy J.; Salvia A.L.; Frankenberger F.; Price E.","Filho, Walter Leal (57210792153); Emblen-Perry, Kay (57202859530); Molthan-Hill, Petra (56074775600); Mifsud, Mark (37089431700); Verhoef, Leendert (7003309870); Azeiteiro, Ulisses Miranda (6603109821); Bacelar-Nicolau, Paula (6507462575); de Sousa, Luiza Olim (57194385354); Castro, Paula (56350395600); Beynaghi, Ali (55331058600); Boddy, Jennifer (26539100500); Salvia, Amanda Lange (57204534188); Frankenberger, Fernanda (57209338975); Price, Elizabeth (7203005874)","57210792153; 57202859530; 56074775600; 37089431700; 7003309870; 6603109821; 6507462575; 57194385354; 56350395600; 55331058600; 26539100500; 57204534188; 57209338975; 7203005874","Implementing innovation on environmental sustainability at universities around theworld","2019","Sustainability (Switzerland)","11","14","3807","","","","22","10.3390/su11143807","https://www.scopus.com/inward/record.uri?eid=2-s2.0-85068909559&doi=10.3390%2fsu11143807&partnerID=40&md5=a20554c59a944cbad8d45c1813f078e6","Article","Final","All Open Access; Gold Open Access; Green Open Access","Scopus","2-s2.0-85068909559"
"Schwoerer K.; Keppeler F.; Mussagulova A.; Puello S.","Schwoerer, Kayla (57221980851); Keppeler, Florian (57216461119); Mussagulova, Assel (57210318886); Puello, Stephanie (57223853796)","57221980851; 57216461119; 57210318886; 57223853796","CO-DESIGN-ing a more context-based, pluralistic, and participatory future for public administration","2022","Public Administration","100","1","","72","97","25","11","10.1111/padm.12828","https://www.scopus.com/inward/record.uri?eid=2-s2.0-85123941607&doi=10.1111%2fpadm.12828&partnerID=40&md5=38eb936d9a0eb5dea9d3cac22a031c40","Conference paper","Final","All Open Access; Green Open Access","Scopus","2-s2.0-85123941607"
"Laasch O.; Pinkse J.","Laasch, Oliver (36998825200); Pinkse, Jonatan (55881688400)","36998825200; 55881688400","Explaining the leopards’ spots: Responsibility-embedding in business model artefacts across spaces of institutional complexity","2020","Long Range Planning","53","4","101891","","","","21","10.1016/j.lrp.2019.101891","https://www.scopus.com/inward/record.uri?eid=2-s2.0-85068739746&doi=10.1016%2fj.lrp.2019.101891&partnerID=40&md5=a294fb9f6418fc65f064f6216a7b1244","Article","Final","All Open Access; Green Open Access","Scopus","2-s2.0-85068739746"
"Belasen A.T.","Belasen, Alan T. (23975660800)","23975660800","Women in management: A framework for sustainable work-life integration","2017","Women in Management: A Framework for Sustainable Work-Life Integration","","","","1","329","328","8","10.4324/9781315474571","https://www.scopus.com/inward/record.uri?eid=2-s2.0-85020286009&doi=10.4324%2f9781315474571&partnerID=40&md5=11bf11b1f22ffac22cf8652dae8a7d36","Book","Final","","Scopus","2-s2.0-85020286009"
"Srivastava S.K.","Srivastava, Shashi Kant (57201056224)","57201056224","IT Capital in improving national innovation productivity: understanding IT productivity paradox through cognitive path-dependence model","2021","Information Technology for Development","27","2","","314","335","21","2","10.1080/02681102.2020.1850407","https://www.scopus.com/inward/record.uri?eid=2-s2.0-85097563360&doi=10.1080%2f02681102.2020.1850407&partnerID=40&md5=d170e935c5e974fe006e6b82435fc477","Article","Final","","Scopus","2-s2.0-85097563360"
"Quarter J.; Mook L.; Armstrong A.","Quarter, Jack (6602240635); Mook, Laurie (6508112078); Armstrong, Ann (56846567200)","6602240635; 6508112078; 56846567200","Understanding the social economy: A Canadian perspective, second edition","2017","Understanding the Social Economy: A Canadian Perspective, Second Edition","","","","1","398","397","1","","https://www.scopus.com/inward/record.uri?eid=2-s2.0-85041636554&partnerID=40&md5=ad513e40d77f0a6b44b6ca41ad4a190d","Book","Final","","Scopus","2-s2.0-85041636554"
"Stout M.","Stout, Margaret (36134064500)","36134064500","Logics of Legitimacy: Three Traditions of Public Administration Praxis","2017","Logics of Legitimacy: Three Traditions of Public Administration Praxis","","","","1","305","304","3","10.4324/9781315091662","https://www.scopus.com/inward/record.uri?eid=2-s2.0-85146407704&doi=10.4324%2f9781315091662&partnerID=40&md5=552ef1e721ee171047f517024f91baea","Book","Final","","Scopus","2-s2.0-85146407704"
"Altantsetseg P.; Dadvari A.; Munkhdelger T.; Lkhagvasuren G.-O.; Moslehpour M.","Altantsetseg, Purevdulam (57201120129); Dadvari, Alaleh (57195529670); Munkhdelger, Tsevegjav (57219651480); Lkhagvasuren, Gerelt-Od (57219659049); Moslehpour, Massoud (51864054000)","57201120129; 57195529670; 57219651480; 57219659049; 51864054000","Sustainable development of entrepreneurial orientation through social drivers","2020","Sustainability (Switzerland)","12","21","8816","1","19","18","4","10.3390/su12218816","https://www.scopus.com/inward/record.uri?eid=2-s2.0-85094561850&doi=10.3390%2fsu12218816&partnerID=40&md5=3fd314eebda66b5ce74fb0651a23d824","Article","Final","All Open Access; Gold Open Access; Green Open Access","Scopus","2-s2.0-85094561850"
"Roe M.","Roe, Michael (7102041594)","7102041594","Governance, policy and juxtaposition: A maritime perspective","2019","Governance, Policy and Juxtaposition: A Maritime Perspective","","","","1","339","338","1","10.1007/978-3-030-31848-2","https://www.scopus.com/inward/record.uri?eid=2-s2.0-85083871603&doi=10.1007%2f978-3-030-31848-2&partnerID=40&md5=dca5ba33bb06435fb71d89d821ad02d8","Book","Final","All Open Access; Green Open Access","Scopus","2-s2.0-85083871603"
"Otache I.","Otache, Innocent (56613519800)","56613519800","Enhancing the effectiveness of entrepreneurship education: the role of entrepreneurial lecturers","2019","Education and Training","61","7-8","","918","939","21","28","10.1108/ET-06-2018-0127","https://www.scopus.com/inward/record.uri?eid=2-s2.0-85063573864&doi=10.1108%2fET-06-2018-0127&partnerID=40&md5=c5463772776ab5be900f5af1ec398ce7","Article","Final","","Scopus","2-s2.0-85063573864"
"Torfing J.","Torfing, Jacob (55897898500)","55897898500","Rethinking public governance","2023","Rethinking Public Governance","","","","1","252","251","0","10.4337/9781789909777","https://www.scopus.com/inward/record.uri?eid=2-s2.0-85165323532&doi=10.4337%2f9781789909777&partnerID=40&md5=597e7ef8e6afea5f1e4b6e9b84d01584","Book","Final","","Scopus","2-s2.0-85165323532"
"Brown M.-E.; Stalker K.","Brown, Mary-Ellen (56915103600); Stalker, Katie (58402630200)","56915103600; 58402630200","SOCIAL WORK SKILLS FOR COMMUNITY PRACTICE: Applied Macro Social Work, Second Edition","2022","Social Work Skills for Community Practice: Applied Macro Social Work: Second Edition","","","","1","375","374","0","10.1891/9780826158352","https://www.scopus.com/inward/record.uri?eid=2-s2.0-85163445186&doi=10.1891%2f9780826158352&partnerID=40&md5=e448a17ed402dfb937d97bf2a0f2b7fd","Book","Final","","Scopus","2-s2.0-85163445186"
"Napathorn C.","Napathorn, Chaturong (57201367839)","57201367839","The development of green skills across firms in the institutional context of Thailand","2022","Asia-Pacific Journal of Business Administration","14","4","","539","572","33","10","10.1108/APJBA-10-2020-0370","https://www.scopus.com/inward/record.uri?eid=2-s2.0-85118583048&doi=10.1108%2fAPJBA-10-2020-0370&partnerID=40&md5=a7726a3db3e0004084370ec57ee11730","Article","Final","","Scopus","2-s2.0-85118583048"
"Gregori P.; Wdowiak M.A.; Schwarz E.J.; Holzmann P.","Gregori, Patrick (57209229271); Wdowiak, Malgorzata A. (14010343600); Schwarz, Erich J. (7202729158); Holzmann, Patrick (57057531000)","57209229271; 14010343600; 7202729158; 57057531000","Exploring value creation in sustainable entrepreneurship: Insights from the institutional logics perspective and the business model lens","2019","Sustainability (Switzerland)","11","9","2505","","","","29","10.3390/su11092505","https://www.scopus.com/inward/record.uri?eid=2-s2.0-85066931348&doi=10.3390%2fsu11092505&partnerID=40&md5=54e5aaeb27833bc0655537bf146fa1e7","Article","Final","All Open Access; Gold Open Access","Scopus","2-s2.0-85066931348"
"Haski-Leventhal D.","Haski-Leventhal, Debbie (23094029100)","23094029100","The Purpose-Driven University: Transforming Lives and Creating Impact Through Higher Education","2020","The Purpose-Driven University: Transforming Lives and Creating Impact through Higher Education","","","","1","154","153","7","10.1108/9781838672836","https://www.scopus.com/inward/record.uri?eid=2-s2.0-85148182488&doi=10.1108%2f9781838672836&partnerID=40&md5=d7f56716b74d9bdad644d3f194015e99","Book","Final","","Scopus","2-s2.0-85148182488"
"Zhu R.; Liu Z.; Zhao G.; Huang Z.; Yu Q.","Zhu, Ruijie (57314571900); Liu, Ziwen (58131551000); Zhao, Guojing (57338324200); Huang, Zhaoxin (57218397579); Yu, Qiaoyan (58131114900)","57314571900; 58131551000; 57338324200; 57218397579; 58131114900","The impact of institutional management on teacher entrepreneurship competency: The mediating role of entrepreneurial behaviour","2023","International Journal of Management Education","21","2","100794","","","","0","10.1016/j.ijme.2023.100794","https://www.scopus.com/inward/record.uri?eid=2-s2.0-85149466555&doi=10.1016%2fj.ijme.2023.100794&partnerID=40&md5=20ec21c7012dbbc314396fb1c9adb373","Article","Final","All Open Access; Hybrid Gold Open Access","Scopus","2-s2.0-85149466555"
"Garrido-Ruso M.; Aibar-Guzmán B.; Monteiro A.P.","Garrido-Ruso, María (57223990469); Aibar-Guzmán, Beatriz (36241172000); Monteiro, Albertina Paula (56844685000)","57223990469; 36241172000; 56844685000","Businesses’ Role in the Fulfillment of the 2030 Agenda: A Bibliometric Analysis","2022","Sustainability (Switzerland)","14","14","8754","","","","8","10.3390/su14148754","https://www.scopus.com/inward/record.uri?eid=2-s2.0-85136391674&doi=10.3390%2fsu14148754&partnerID=40&md5=f81fc6b0c8f6d1826e42a6a4f77b086b","Article","Final","All Open Access; Gold Open Access; Green Open Access","Scopus","2-s2.0-85136391674"
"O'Brien D.; Wellbrock C.-M.","O'Brien, Daniel (57299803900); Wellbrock, Christian-Mathias (52264975500)","57299803900; 52264975500","How the Trick is Done–Conditions of Success in Entrepreneurial Digital Journalism","2021","Digital Journalism","","","","","","","2","10.1080/21670811.2021.1987947","https://www.scopus.com/inward/record.uri?eid=2-s2.0-85117318955&doi=10.1080%2f21670811.2021.1987947&partnerID=40&md5=2e9b9dcd99a7a070116aa246db29954b","Article","Article in press","","Scopus","2-s2.0-85117318955"
"Calderón-Hernández G.; Jiménez-Zapata Y.A.; Serna-Gomez H.M.","Calderón-Hernández, Gregorio (35321899100); Jiménez-Zapata, Yudy Andrea (57215683102); Serna-Gomez, Héctor Mauricio (55249669200)","35321899100; 57215683102; 55249669200","Barriers to University Spin-Off Creation in an Emerging Context: An Institutional Theory of Organizations Approach","2020","Minerva","58","4","","625","650","25","5","10.1007/s11024-020-09407-4","https://www.scopus.com/inward/record.uri?eid=2-s2.0-85085749219&doi=10.1007%2fs11024-020-09407-4&partnerID=40&md5=8249310c8a980f592caf1e3fac375948","Article","Final","","Scopus","2-s2.0-85085749219"
"Xuecheng W.; Iqbal Q.","Xuecheng, Wei (57710977900); Iqbal, Qaisar (57201985339)","57710977900; 57201985339","Ethical Leadership, Bricolage, and Eco-Innovation in the Chinese Manufacturing Industry: A Multi-Theory Perspective","2022","Sustainability (Switzerland)","14","12","7070","","","","4","10.3390/su14127070","https://www.scopus.com/inward/record.uri?eid=2-s2.0-85132309115&doi=10.3390%2fsu14127070&partnerID=40&md5=6e114f566cc32ccb04a1684c93ca9b9f","Article","Final","All Open Access; Gold Open Access","Scopus","2-s2.0-85132309115"
"Rosenbloom A.; Gudić M.; Parkes C.; Kronbach B.","Rosenbloom, Al (24462225600); Gudić, Milenko (57193925736); Parkes, Carole (24381707000); Kronbach, Britta (57194534278)","24462225600; 57193925736; 24381707000; 57194534278","A PRME response to the challenge of fighting poverty: How far have we come? Where do we need to go now?","2017","International Journal of Management Education","15","2","","104","120","16","20","10.1016/j.ijme.2017.02.005","https://www.scopus.com/inward/record.uri?eid=2-s2.0-85017529250&doi=10.1016%2fj.ijme.2017.02.005&partnerID=40&md5=512af4cf023c0816d94a3e386410db6f","Article","Final","","Scopus","2-s2.0-85017529250"
"Roos G.","Roos, Göran (55579721600)","55579721600","Knowledge management, intellectual capital, structural holes, economic complexity and national prosperity","2017","Journal of Intellectual Capital","18","4","","745","770","25","42","10.1108/JIC-07-2016-0072","https://www.scopus.com/inward/record.uri?eid=2-s2.0-85029381845&doi=10.1108%2fJIC-07-2016-0072&partnerID=40&md5=30861129a97e164eec9c3a0ec6e9190d","Article","Final","","Scopus","2-s2.0-85029381845"
"Wang C.; Zhang X.-E.","Wang, Chao (57211440746); Zhang, Xiu-e (57219356150)","57211440746; 57219356150","Binary effects of exploratory and exploitative learning on opportunity identification: The different moderations of environmental munificence and entrepreneurial commitment","2022","Asian Business and Management","21","4","","497","524","27","8","10.1057/s41291-020-00136-w","https://www.scopus.com/inward/record.uri?eid=2-s2.0-85092403844&doi=10.1057%2fs41291-020-00136-w&partnerID=40&md5=a91d274b45accb602a69907bfa40e8cb","Article","Final","","Scopus","2-s2.0-85092403844"
"Howlett M.","Howlett, Michael (7004315057)","7004315057","Designing public policies: Principles and instruments: Second edition","2019","Designing Public Policies: Principles and Instruments: Second edition","","","","1","411","410","104","10.4324/9781315232003","https://www.scopus.com/inward/record.uri?eid=2-s2.0-85085329740&doi=10.4324%2f9781315232003&partnerID=40&md5=74b2f498a292c7364ca6f5e5581437dc","Book","Final","","Scopus","2-s2.0-85085329740"
"Joseph J.; Awasthi S.; Mulla Z.R.","Joseph, Jacquleen (26039154000); Awasthi, Suchita (57480184000); Mulla, Zubin R. (35795783500)","26039154000; 57480184000; 35795783500","Leadership for disaster resilience: Lessons from India","2022","Leadership for Disaster Resilience: Lessons from India","","","","1","302","301","0","10.4324/9781003171362","https://www.scopus.com/inward/record.uri?eid=2-s2.0-85141009682&doi=10.4324%2f9781003171362&partnerID=40&md5=7761c9a43baeca825e260a6bc90cc03e","Book","Final","All Open Access; Hybrid Gold Open Access","Scopus","2-s2.0-85141009682"
"Del Baldo M.","Del Baldo, Mara (35274688000)","35274688000","Moral and virtues-based leadership for enhancing integral ecology","2017","Contributions to Conflict Management, Peace Economics and Development","26","","","203","228","25","4","10.1108/S1572-832320170000026014","https://www.scopus.com/inward/record.uri?eid=2-s2.0-85028986753&doi=10.1108%2fS1572-832320170000026014&partnerID=40&md5=5250a4ea85996f80307d674433552d88","Article","Final","","Scopus","2-s2.0-85028986753"
"Alam G.M.; Forhad M.A.R.","Alam, Gazi Mahabubul (57212029925); Forhad, Md Abdur Rahman (57215597156)","57212029925; 57215597156","Education quality comparing between official measurement scale and inter-counterparts' perception: A new horizon for learning assessment","2022","International Journal of Learning and Change","14","1","","1","21","20","1","10.1504/IJLC.2022.119506","https://www.scopus.com/inward/record.uri?eid=2-s2.0-85121269083&doi=10.1504%2fIJLC.2022.119506&partnerID=40&md5=94ab39da5a5ae1097753c8ff8d6ae25a","Article","Final","All Open Access; Bronze Open Access","Scopus","2-s2.0-85121269083"
"Karlsdottir V.; Torfason M.T.; Edvardsson I.R.; Heijstra T.M.","Karlsdottir, Verena (57357624700); Torfason, Magnus Thor (36610833200); Edvardsson, Ingi Runar (6507942403); Heijstra, Thamar Melanie (36198318300)","57357624700; 36610833200; 6507942403; 36198318300","Barriers to academic collaboration with industry and community: Individual and organisational factors","2023","Industry and Higher Education","","","","","","","0","10.1177/09504222231173953","https://www.scopus.com/inward/record.uri?eid=2-s2.0-85162958674&doi=10.1177%2f09504222231173953&partnerID=40&md5=79cbd8aa74235e83b23ba11e95526e60","Article","Article in press","","Scopus","2-s2.0-85162958674"
"Breznitz D.","Breznitz, Dan (57203470591)","57203470591","Innovation in real places: Strategies for prosperity in an unforgiving world","2021","Innovation in Real Places: Strategies for Prosperity in an Unforgiving World","","","","1","263","262","23","10.1093/oso/9780197508114.001.0001","https://www.scopus.com/inward/record.uri?eid=2-s2.0-85085625600&doi=10.1093%2foso%2f9780197508114.001.0001&partnerID=40&md5=19b49b62476d3fd50074d411871569c7","Book","Final","","Scopus","2-s2.0-85085625600"
"Otache I.; Umar K.; Audu Y.; Onalo U.","Otache, Innocent (56613519800); Umar, Kadiri (57211713426); Audu, Yakubu (57211715949); Onalo, Ugbede (57211713781)","56613519800; 57211713426; 57211715949; 57211713781","The effects of entrepreneurship education on students’ entrepreneurial intentions: A longitudinal approach","2021","Education and Training","63","7-8","","967","991","24","29","10.1108/ET-01-2019-0005","https://www.scopus.com/inward/record.uri?eid=2-s2.0-85074895857&doi=10.1108%2fET-01-2019-0005&partnerID=40&md5=65bdaf9b101335ad849947eafdefecbd","Article","Final","","Scopus","2-s2.0-85074895857"
"Volchik V.; Maslyukova E.; Strielkowski W.","Volchik, Vyacheslav (55967741800); Maslyukova, Elena (57193719745); Strielkowski, Wadim (36620065300)","55967741800; 57193719745; 36620065300","Perception of Scientific and Social Values in the Sustainable Development of National Innovation Systems","2023","Social Sciences","12","4","215","","","","0","10.3390/socsci12040215","https://www.scopus.com/inward/record.uri?eid=2-s2.0-85153787310&doi=10.3390%2fsocsci12040215&partnerID=40&md5=564bac517f410ae0a995e0ce3342d29f","Article","Final","All Open Access; Gold Open Access","Scopus","2-s2.0-85153787310"
"Iqbal Q.; Piwowar-Sulej K.","Iqbal, Qaisar (57201985339); Piwowar-Sulej, Katarzyna (56835774100)","57201985339; 56835774100","Sustainable leadership in higher education institutions: social innovation as a mechanism","2022","International Journal of Sustainability in Higher Education","23","8","","1","20","19","28","10.1108/IJSHE-04-2021-0162","https://www.scopus.com/inward/record.uri?eid=2-s2.0-85122063169&doi=10.1108%2fIJSHE-04-2021-0162&partnerID=40&md5=14323b720168ba42ebde348669967851","Article","Final","All Open Access; Hybrid Gold Open Access","Scopus","2-s2.0-85122063169"
"Kasemsap K.","Kasemsap, Kijpokin (56926697100)","56926697100","Corporate social responsibility: Theory and applications","2017","Strategic Human Capital Development and Management in Emerging Economies","","","","188","218","30","3","10.4018/978-1-5225-1974-4.ch009","https://www.scopus.com/inward/record.uri?eid=2-s2.0-85015848195&doi=10.4018%2f978-1-5225-1974-4.ch009&partnerID=40&md5=ec94344573d60e74ebb135d32ad686e2","Book chapter","Final","","Scopus","2-s2.0-85015848195"
"Golka P.","Golka, Philipp (55945317200)","55945317200","Financialization as Welfare: Social Impact Investing and British Social Policy, 1997-2016","2019","Financialization as Welfare: Social Impact Investing and British Social Policy, 1997-2016","","","","1","265","264","8","10.1007/978-3-030-06100-5","https://www.scopus.com/inward/record.uri?eid=2-s2.0-85118534127&doi=10.1007%2f978-3-030-06100-5&partnerID=40&md5=3d530d69119a9935ca9b5615375dcd73","Book","Final","All Open Access; Green Open Access","Scopus","2-s2.0-85118534127"
"Spencer S.B.; Skalaban I.A.","Spencer, Sarah Busse (54396164600); Skalaban, Irina A. (56556983100)","54396164600; 56556983100","Organizational Culture in Civic Associations in Russia","2018","Voluntas","29","5","","1080","1097","17","5","10.1007/s11266-017-9925-2","https://www.scopus.com/inward/record.uri?eid=2-s2.0-85038828364&doi=10.1007%2fs11266-017-9925-2&partnerID=40&md5=da8a58908ead2f4d6e50ca691ef3e974","Article","Final","","Scopus","2-s2.0-85038828364"
"Jeong S.S.; Alhanaee D.W.T.A.","Jeong, Sophia Soyoung (57214105507); Alhanaee, Dhia Waddah Talib Ali (57220892316)","57214105507; 57220892316","Prosocial Motivation as a Driver of Social Innovation in the UAE","2020","Social Science Quarterly","101","7","","2450","2464","14","6","10.1111/ssqu.12913","https://www.scopus.com/inward/record.uri?eid=2-s2.0-85097843546&doi=10.1111%2fssqu.12913&partnerID=40&md5=cf684e936d3189c98ed18577c0a8c285","Article","Final","","Scopus","2-s2.0-85097843546"
"Yun J.J.; Liu Z.","Yun, JinHyo Joseph (55419994900); Liu, Zheng (57190680108)","55419994900; 57190680108","Micro- and macro-dynamics of open innovation with a Quadruple-Helix model","2019","Sustainability (Switzerland)","11","12","3301","","","","203","10.3390/SU11123301","https://www.scopus.com/inward/record.uri?eid=2-s2.0-85069821418&doi=10.3390%2fSU11123301&partnerID=40&md5=61f5b23b4c6f4e822a4ff0c20ceb4744","Article","Final","All Open Access; Gold Open Access; Green Open Access","Scopus","2-s2.0-85069821418"
"","","","Compilation of references","2021","Handbook of Research on Promoting Social Justice for Immigrants and Refugees Through Active Citizenship and Intercultural Education","","","","395","453","58","0","","https://www.scopus.com/inward/record.uri?eid=2-s2.0-85128269342&partnerID=40&md5=01302f0ea3f201b72641cce7548e6b7a","Book chapter","Final","","Scopus","2-s2.0-85128269342"
"Baumgartner D.; Pütz M.; Seidl I.","Baumgartner, Daniel (24536824000); Pütz, Marco (23570896100); Seidl, Irmi (6602590202)","24536824000; 23570896100; 6602590202","What Kind of Entrepreneurship Drives Regional Development in European Non-core Regions? A Literature Review on Empirical Entrepreneurship Research","2013","European Planning Studies","21","8","","1095","1127","32","79","10.1080/09654313.2012.722937","https://www.scopus.com/inward/record.uri?eid=2-s2.0-84881644380&doi=10.1080%2f09654313.2012.722937&partnerID=40&md5=572bf9b826a4287dc1980d2e09269d25","Article","Final","","Scopus","2-s2.0-84881644380"
"Paquette J.; Redaelli E.","Paquette, Jonathan (25825540800); Redaelli, Eleonora (40762201000)","25825540800; 40762201000","Arts management and cultural policy research","2015","Arts Management and Cultural Policy Research","","","","1","162","161","34","10.1057/9781137460929","https://www.scopus.com/inward/record.uri?eid=2-s2.0-84960239790&doi=10.1057%2f9781137460929&partnerID=40&md5=7732055d3afabb7d0a068c879bac51ee","Book","Final","","Scopus","2-s2.0-84960239790"
"Pant L.P.","Pant, Laxmi Prasad (36490290700)","36490290700","Learning and Innovation Competence in Agricultural and Rural Development","2012","Journal of Agricultural Education and Extension","18","3","","205","230","25","24","10.1080/1389224X.2012.670050","https://www.scopus.com/inward/record.uri?eid=2-s2.0-84861409664&doi=10.1080%2f1389224X.2012.670050&partnerID=40&md5=df9fe4b60c0622c6e1973ddfe8177510","Article","Final","","Scopus","2-s2.0-84861409664"
"Goodman D.S.G.","Goodman, David S. G. (57203077824)","57203077824","Handbook of the Politics of China","2015","Handbook of the Politics of China","","","","1","554","553","3","10.4337/9781782544371","https://www.scopus.com/inward/record.uri?eid=2-s2.0-85128293989&doi=10.4337%2f9781782544371&partnerID=40&md5=f27a50add5832d30b5c9ff9220b8041a","Book","Final","","Scopus","2-s2.0-85128293989"
"Manning S.; Roessler D.","Manning, Stephan (7103371319); Roessler, Daniel (55811777600)","7103371319; 55811777600","The Formation of Cross-Sector Development Partnerships: How Bridging Agents Shape Project Agendas and Longer-Term Alliances","2014","Journal of Business Ethics","123","3","","527","547","20","69","10.1007/s10551-013-1853-5","https://www.scopus.com/inward/record.uri?eid=2-s2.0-84930145340&doi=10.1007%2fs10551-013-1853-5&partnerID=40&md5=7f84ab123f4f195ea7867f1e761c2ed8","Article","Final","All Open Access; Green Open Access","Scopus","2-s2.0-84930145340"
"Mars M.M.; Rios-Aguilar C.","Mars, Matthew M. (16245492800); Rios-Aguilar, Cecilia (35847796700)","16245492800; 35847796700","Academic entrepreneurship (re)defined: Significance and implications for the scholarship of higher education","2010","Higher Education","59","4","","441","460","19","80","10.1007/s10734-009-9258-1","https://www.scopus.com/inward/record.uri?eid=2-s2.0-77951204626&doi=10.1007%2fs10734-009-9258-1&partnerID=40&md5=d0bde5b0bdf6a6ff065ebe8918b7fd60","Article","Final","","Scopus","2-s2.0-77951204626"
"Parker B.","Parker, Barbara (7202767035)","7202767035","Introduction to globalization and business: Relationships and responsibilities","2005","Introduction to Globalization and Business: Relationships and Responsibilities","","","","1","523","522","24","10.4135/9781446215869","https://www.scopus.com/inward/record.uri?eid=2-s2.0-84949761830&doi=10.4135%2f9781446215869&partnerID=40&md5=6c7dfa85b7b1366d82b0a47067f4ed30","Book","Final","","Scopus","2-s2.0-84949761830"
"Martins J.T.; Baptista Nunes M.","Martins, Jorge Tiago (36461479500); Baptista Nunes, Miguel (7102001982)","36461479500; 7102001982","Academics’ e-learning adoption in higher education institutions: a matter of trust","2016","Learning Organization","23","5","","299","331","32","27","10.1108/TLO-05-2015-0034","https://www.scopus.com/inward/record.uri?eid=2-s2.0-84985960390&doi=10.1108%2fTLO-05-2015-0034&partnerID=40&md5=c3e21f53d178aede0038fa5d2e9a4e3e","Article","Final","All Open Access; Green Open Access; Hybrid Gold Open Access","Scopus","2-s2.0-84985960390"
"Free R.C.","Free, Rhona C. (41861569400)","41861569400","21st century economics: A reference handbook","2010","21st Century Economics: A Reference Handbook","","","","1","1000","999","7","10.4135/9781412979290","https://www.scopus.com/inward/record.uri?eid=2-s2.0-84950289500&doi=10.4135%2f9781412979290&partnerID=40&md5=3c90a91adea6543271c4a75c5eb1f896","Book","Final","","Scopus","2-s2.0-84950289500"
"Goodchild B.","Goodchild, Barry (6701415788)","6701415788","Markets, politics and the environment: An introduction to planning theory","2016","Markets, Politics and the Environment: An Introduction to Planning Theory","","","","1","288","287","0","10.4324/9781315620640","https://www.scopus.com/inward/record.uri?eid=2-s2.0-85022039610&doi=10.4324%2f9781315620640&partnerID=40&md5=ffe80b39bfe52c86f3435e17077d4039","Book","Final","","Scopus","2-s2.0-85022039610"
"Kasemsap K.","Kasemsap, Kijpokin (56926697100)","56926697100","The role of social entrepreneurship in the global business environments","2015","Incorporating Business Models and Strategies into Social Entrepreneurship","","","","177","201","24","3","10.4018/978-1-4666-8748-6.ch011","https://www.scopus.com/inward/record.uri?eid=2-s2.0-84957937653&doi=10.4018%2f978-1-4666-8748-6.ch011&partnerID=40&md5=50a22de893b54c80b57f3180563408c8","Book chapter","Final","","Scopus","2-s2.0-84957937653"
"Hazelkorn E.","Hazelkorn, Ellen (24176901400)","24176901400","Rankings and the Reshaping of Higher Education: The Battle for World-Class Excellence: Second Edition","2015","Rankings and the Reshaping of Higher Education: The Battle for World-Class Excellence: Second Edition","","","","1","304","303","353","10.1057/9781137446671","https://www.scopus.com/inward/record.uri?eid=2-s2.0-84995407445&doi=10.1057%2f9781137446671&partnerID=40&md5=1e05a1aaf3073311385ebf11603f036e","Book","Final","","Scopus","2-s2.0-84995407445"
"Sidiropoulos L.","Sidiropoulos, Liz (55949581700)","55949581700","Navigating the journey to sustainability: The case for embedding sustainability literacy into all tertiary education business programs","2011","International Journal of Environmental, Cultural, Economic and Social Sustainability","7","3","","247","273","26","2","10.18848/1832-2077/cgp/v07i03/54940","https://www.scopus.com/inward/record.uri?eid=2-s2.0-80053075925&doi=10.18848%2f1832-2077%2fcgp%2fv07i03%2f54940&partnerID=40&md5=776eb70da8b810ce6141bbb31c65171f","Article","Final","","Scopus","2-s2.0-80053075925"
"Rogowski R.","Rogowski, Ralf (24074498600)","24074498600","Reflexive Labour Law in the World Society","2013","Reflexive Labour Law in the World Society","","","","1","335","334","43","10.4337/9780857936592","https://www.scopus.com/inward/record.uri?eid=2-s2.0-84906887035&doi=10.4337%2f9780857936592&partnerID=40&md5=0fc4bcbef2f12464e6be0cf667d2182a","Book","Final","","Scopus","2-s2.0-84906887035"
"Hazelkorn E.","Hazelkorn, Ellen (24176901400)","24176901400","Rankings and the reshaping of higher education: The battle for world-class excellence","2011","Rankings and the Reshaping of Higher Education: The Battle for World-Class Excellence","","","","1","259","258","460","10.1057/9780230306394","https://www.scopus.com/inward/record.uri?eid=2-s2.0-85013722312&doi=10.1057%2f9780230306394&partnerID=40&md5=89ca0741a914e4b32347a6febdd8b12a","Book","Final","","Scopus","2-s2.0-85013722312"
"Hazelkorn E.","Hazelkorn, Ellen (24176901400)","24176901400","Rankings and the reshaping of higher education: The battle for world-class excellence, 2nd edition","2015","Rankings and the Reshaping of Higher Education: The Battle for World-Class Excellence, 2nd edition","","","","1","304","303","53","10.1057/9781137446671","https://www.scopus.com/inward/record.uri?eid=2-s2.0-84960196931&doi=10.1057%2f9781137446671&partnerID=40&md5=2ce97cc1b61e10b4f6eaa2df53aa9bfa","Book","Final","","Scopus","2-s2.0-84960196931"
"Münch R.","Münch, Richard (7005076388)","7005076388","Inclusion and exclusion in the liberal competition state: The cult of the individual","2012","Inclusion and Exclusion in the Liberal Competition State: The Cult of the Individual","","","","1","308","307","12","10.4324/9780203144848","https://www.scopus.com/inward/record.uri?eid=2-s2.0-84916947769&doi=10.4324%2f9780203144848&partnerID=40&md5=f1b140826681be7237f80dd6eb53d1ba","Book","Final","","Scopus","2-s2.0-84916947769"
"Howlett M.","Howlett, Michael (7004315057)","7004315057","Designing public policies: Principles and instruments","2010","Designing Public Policies: Principles and Instruments","","","","1","236","235","405","10.4324/9780203838631","https://www.scopus.com/inward/record.uri?eid=2-s2.0-84911051613&doi=10.4324%2f9780203838631&partnerID=40&md5=640f599959f46ca6371115205bb75e89","Book","Final","","Scopus","2-s2.0-84911051613"
"Nicholls A.; Huybrechts B.","Nicholls, Alex (7103021940); Huybrechts, Benjamin (24483393900)","7103021940; 24483393900","Sustaining Inter-organizational Relationships Across Institutional Logics and Power Asymmetries: The Case of Fair Trade","2016","Journal of Business Ethics","135","4","","699","714","15","68","10.1007/s10551-014-2495-y","https://www.scopus.com/inward/record.uri?eid=2-s2.0-84916900273&doi=10.1007%2fs10551-014-2495-y&partnerID=40&md5=ce1ebbd220d269012d9f5e60d6f395f8","Article","Final","","Scopus","2-s2.0-84916900273"
"Walls J.L.; Hoffman A.J.","Walls, Judith L. (36997571700); Hoffman, Andrew J. (56260411400)","36997571700; 56260411400","Exceptional boards: Environmental experience and positive deviance from institutional norms","2013","Journal of Organizational Behavior","34","2","","253","271","18","109","10.1002/job.1813","https://www.scopus.com/inward/record.uri?eid=2-s2.0-84872406550&doi=10.1002%2fjob.1813&partnerID=40&md5=d8eff7cc118a404f264b8c876cf7acf3","Article","Final","All Open Access; Green Open Access","Scopus","2-s2.0-84872406550"
"Godin B.","Godin, Benoît (6603946609)","6603946609","Innovation contested: The idea of innovation over the centuries","2015","Innovation Contested: The Idea of Innovation Over the Centuries","","","","1","353","352","188","10.4324/9781315855608","https://www.scopus.com/inward/record.uri?eid=2-s2.0-84967076076&doi=10.4324%2f9781315855608&partnerID=40&md5=c405f7b657f67e825b4b8031625c406b","Book","Final","","Scopus","2-s2.0-84967076076"
"Mascarenhas O.A.J.","Mascarenhas, Oswald A. J. (6603141619)","6603141619","Business transformation strategies: The strategic leader as innovation manager","2011","Business Transformation Strategies: The Strategic Leader as Innovation Manager","","","","1","658","657","11","10.4135/9781446270264","https://www.scopus.com/inward/record.uri?eid=2-s2.0-84950255028&doi=10.4135%2f9781446270264&partnerID=40&md5=6ef518d73dbbd49797c80fa73fc2b781","Book","Final","","Scopus","2-s2.0-84950255028"
"Doherty B.; Foster G.; Mason C.; Meehan J.; Meehan K.; Rotheroe N.; Royce M.","Doherty, Bob (8530410600); Foster, George (57213248136); Mason, Chris (36847335000); Meehan, John (57220565003); Meehan, Karon (7006980487); Rotheroe, Neil (6508263122); Royce, Maureen (24822221600)","8530410600; 57213248136; 36847335000; 57220565003; 7006980487; 6508263122; 24822221600","Management for social enterprise","2009","Management for Social Enterprise","","","","1","246","245","59","10.4135/9781446269404","https://www.scopus.com/inward/record.uri?eid=2-s2.0-84949749422&doi=10.4135%2f9781446269404&partnerID=40&md5=da7c3c3d82b892917a36cfe13e61a8a4","Book","Final","All Open Access; Green Open Access","Scopus","2-s2.0-84949749422"
"Wankel C.","Wankel, Charles (6505840725)","6505840725","21st century management: A reference handbook","2008","21st Century Management: A Reference Handbook","","","","1","579","578","14","10.4135/9781412954006","https://www.scopus.com/inward/record.uri?eid=2-s2.0-84950283955&doi=10.4135%2f9781412954006&partnerID=40&md5=e592fc35fd66b40157b766c9591f5b97","Book","Final","","Scopus","2-s2.0-84950283955"
"Adshead M.; Millar M.","Adshead, Maura (6603099045); Millar, Michelle (7102417520)","6603099045; 7102417520","Public administration and public policy in Ireland: Theory and methods","2003","Public Administration and Public Policy in Ireland: Theory and Methods","","","","1","258","257","8","10.4324/9780203403242","https://www.scopus.com/inward/record.uri?eid=2-s2.0-84906210905&doi=10.4324%2f9780203403242&partnerID=40&md5=7682c0ebfab50a3999e1d82a0bd798dc","Book","Final","","Scopus","2-s2.0-84906210905"
"Hechavarria D.M.; Ingram A.E.","Hechavarria, Diana M. (34871999400); Ingram, Amy E. (14043495400)","34871999400; 14043495400","The entrepreneurial gender divide: Hegemonic masculinity, emphasized femininity and organizational forms","2016","International Journal of Gender and Entrepreneurship","8","3","","242","281","39","45","10.1108/IJGE-09-2014-0029","https://www.scopus.com/inward/record.uri?eid=2-s2.0-84988530042&doi=10.1108%2fIJGE-09-2014-0029&partnerID=40&md5=d3cbc6484019d651a9d7f0dea3493727","Article","Final","","Scopus","2-s2.0-84988530042"
"Kayed R.N.; Hassan M.K.","Kayed, Rasem N. (37055927000); Hassan, M. Kabir (58076530500)","37055927000; 58076530500","Islamic entrepreneurship","2013","Islamic Entrepreneurship","","","","1","377","376","7","10.4324/9780203840801","https://www.scopus.com/inward/record.uri?eid=2-s2.0-84909294294&doi=10.4324%2f9780203840801&partnerID=40&md5=5842a6ba3d71207b4927b14c0ee3ce7a","Book","Final","","Scopus","2-s2.0-84909294294"
"Gil-Garcia J.R.; Pardo T.A.; Nam T.","Gil-Garcia, J. Ramon (57194992646); Pardo, Theresa A. (6701555328); Nam, Taewoo (18134279100)","57194992646; 6701555328; 18134279100","What makes a city smart? Identifying core components and proposing an integrative and comprehensive conceptualization","2015","Information Polity","20","1","","61","87","26","253","10.3233/IP-150354","https://www.scopus.com/inward/record.uri?eid=2-s2.0-84942771967&doi=10.3233%2fIP-150354&partnerID=40&md5=93147ccfc4f83c69ea6d40fc8cc9259a","Article","Final","","Scopus","2-s2.0-84942771967"
"Ó Riain S.","Ó Riain, Seán (6508241942)","6508241942","The rise and fall of Ireland’s celtic tiger: Liberalism, boom and bust","2013","The Rise and Fall of Ireland's Celtic Tiger: Liberalism, Boom and Bust","","","","1","312","311","56","10.1017/CBO9780511842535","https://www.scopus.com/inward/record.uri?eid=2-s2.0-84928364483&doi=10.1017%2fCBO9780511842535&partnerID=40&md5=f49e30e878633ee0b80c33ff23dd04b9","Book","Final","","Scopus","2-s2.0-84928364483"
"Siegel D.J.","Siegel, David J. (13805797000)","13805797000","Organizing for social partnership: Higher education in cross-sector collaboration","2010","Organizing for Social Partnership: Higher Education in Cross-Sector Collaboration","","","","1","216","215","18","10.4324/9780203859384","https://www.scopus.com/inward/record.uri?eid=2-s2.0-84911129890&doi=10.4324%2f9780203859384&partnerID=40&md5=749cd4e5c537ffb3eacf6e16029d45c4","Book","Final","","Scopus","2-s2.0-84911129890"
"Ansell C.","Ansell, Christopher (7003649878)","7003649878","Pragmatist Democracy: Evolutionary Learning as Public Philosophy","2012","Pragmatist Democracy: Evolutionary Learning as Public Philosophy","","","","1","296","295","248","10.1093/acprof:oso/9780199772438.001.0001","https://www.scopus.com/inward/record.uri?eid=2-s2.0-84922286114&doi=10.1093%2facprof%3aoso%2f9780199772438.001.0001&partnerID=40&md5=7c2a05bddac16dd4a874aa8da2aa433e","Book","Final","","Scopus","2-s2.0-84922286114"
"Hall B.L.; Etmanski C.; Dawson T.","Hall, Budd L. (7401720512); Etmanski, Catherine (55792854500); Dawson, Teresa (57189264031)","7401720512; 55792854500; 57189264031","Conclusion: Walking on thin ice: Tensions and challenges in CBR","2014","Learning and Teaching Community-Based Research: Linking Pedagogy to Practice","","","","331","339","8","1","","https://www.scopus.com/inward/record.uri?eid=2-s2.0-84967145278&partnerID=40&md5=3181b84afe38b13d6f9187f2b8b45cb3","Book chapter","Final","","Scopus","2-s2.0-84967145278"
"Picciotto S.","Picciotto, Sol (6603172145)","6603172145","Regulating global corporate capitalism","2011","Regulating Global Corporate Capitalism","","","","1","571","570","107","10.1017/CBO9780511792625","https://www.scopus.com/inward/record.uri?eid=2-s2.0-84924750579&doi=10.1017%2fCBO9780511792625&partnerID=40&md5=1c4e69be3108c7e32207b0fea3ef4756","Book","Final","","Scopus","2-s2.0-84924750579"
"Ruef M.","Ruef, Martin (6603686086)","6603686086","The entrepreneurial group: Social identities, relations, and collective action","2010","The Entrepreneurial Group: Social Identities, Relations, and Collective Action","","","","1","288","287","110","","https://www.scopus.com/inward/record.uri?eid=2-s2.0-84924118197&partnerID=40&md5=c261723312f50d7e42d3170dab09d45a","Book","Final","","Scopus","2-s2.0-84924118197"
